InterZone,Area (hectares),simd_mode,Population
S02001236,1955,4,4763
S02001237,1975,5,5147
S02001238,527,5,6935
S02001239,149,2,5610
S02001240,83,5,4513
S02001241,112,5,4023
S02001242,142,5,5021
S02001243,900,5,5811
S02001244,112,2,3816
S02001245,154,5,4523
S02001246,55,5,5608
S02001247,120,5,3663
S02001248,91,5,6230
S02001249,69,3,3982
S02001250,87,3,2605
S02001251,54,5,4900
S02001252,110,5,4960
S02001253,114,2,3929
S02001254,605,4,5211
S02001255,112,5,3972
S02001256,705,4,3475
S02001257,101,3,5276
S02001258,152,1,4167
S02001259,103,2,3208
S02001260,69,4,3956
S02001261,76,4,6935
S02001262,90,2,3856
S02001263,88,5,5653
S02001264,123,1,4712
S02001265,165,5,4131
S02001266,96,1,5441
S02001267,101,2,3848
S02001268,117,4,6189
S02001269,90,2,5198
S02001270,92,2,4491
S02001271,84,3,4718
S02001272,84,2,3401
S02001273,93,2,5340
S02001274,87,1,5032
S02001275,2722,5,6232
S02001276,141,3,4634
S02001277,663,5,5298
S02001278,2102,3,5183
S02001279,134,5,3919
S02001280,1004,5,4640
S02001281,118,5,4752
S02001282,168,4,3656
S02001283,182,5,2598
S02001284,1292,5,3899
S02001285,125983,4,3019
S02001286,46290,5,5266
S02001287,12507,4,4471
S02001288,10127,3,4058
S02001289,15295,4,5616
S02001290,22026,4,4864
S02001291,165,5,5139
S02001292,158,5,5589
S02001293,84,5,2878
S02001294,117,5,4208
S02001295,2725,4,5911
S02001296,24249,4,5157
S02001297,168,5,4173
S02001298,149,5,2851
S02001299,14336,5,4344
S02001300,43020,4,3903
S02001301,19847,5,6406
S02001302,114,5,3468
S02001303,179,4,5263
S02001304,214,4,5218
S02001305,13011,5,7538
S02001306,5793,5,5864
S02001307,1615,5,3430
S02001308,3126,5,5095
S02001309,120,5,3793
S02001310,185,5,3881
S02001311,3725,4,4249
S02001312,5607,5,5317
S02001313,226,5,6064
S02001314,160,5,3966
S02001315,19977,4,4761
S02001316,14195,5,6181
S02001317,7007,5,5053
S02001318,15271,3,3951
S02001319,16503,4,5044
S02001320,45758,3,4537
S02001321,178,3,4116
S02001322,18290,3,2843
S02001323,166,4,4373
S02001324,11489,3,3134
S02001325,12464,3,3765
S02001326,147,2,3999
S02001327,131,3,3830
S02001328,15834,4,3164
S02001329,17144,3,2915
S02001330,15064,4,5026
S02001331,145,4,2563
S02001332,13608,4,3146
S02001333,6554,4,4378
S02001334,280,5,4393
S02001335,76,2,2361
S02001336,181,1,5859
S02001337,158,5,4120
S02001338,18321,3,7815
S02001339,10586,3,6359
S02001340,166,4,4019
S02001341,62,2,2226
S02001342,60,3,2479
S02001343,129,1,3371
S02001344,9490,5,5461
S02001345,10234,4,6688
S02001346,97,4,2728
S02001347,145,5,5011
S02001348,151,3,5317
S02001349,180,5,5269
S02001350,9617,4,3186
S02001351,253,5,5233
S02001352,182,4,3540
S02001353,121,2,4642
S02001354,112,3,5071
S02001355,138,1,4533
S02001356,6860,3,2901
S02001357,201,2,5447
S02001358,160,3,4666
S02001359,5886,4,3752
S02001360,20346,3,3533
S02001361,139,2,3444
S02001362,161,5,3783
S02001363,21437,3,5429
S02001364,193,5,4431
S02001365,122,2,4739
S02001366,171,3,4784
S02001367,16782,3,2825
S02001368,216,3,5900
S02001369,114781,3,3507
S02001370,107235,3,3747
S02001371,1957,4,5660
S02001372,111,3,2568
S02001373,67568,3,5606
S02001374,88943,3,2261
S02001375,54789,3,3095
S02001376,1294,3,3587
S02001377,57514,3,2436
S02001378,105016,3,3380
S02001379,61970,3,2851
S02001380,257,2,4524
S02001381,12221,3,2424
S02001382,165,2,3562
S02001383,41054,3,2590
S02001384,66618,3,3024
S02001385,288,3,4995
S02001386,196,2,4254
S02001387,7291,4,6770
S02001388,311,4,4244
S02001389,233,5,4126
S02001390,105,4,2855
S02001391,114,5,3881
S02001392,15699,4,2990
S02001393,322,1,4167
S02001394,3307,4,5335
S02001395,85,3,2869
S02001396,163,2,4625
S02001397,4156,2,2280
S02001398,188,2,4640
S02001399,3318,5,3644
S02001400,2915,2,5087
S02001401,763,1,5115
S02001402,178,1,4443
S02001403,147,2,5704
S02001404,328,3,3381
S02001405,115,1,3719
S02001406,110,2,2538
S02001407,132,2,3381
S02001408,23275,3,3596
S02001409,12607,2,2163
S02001410,63303,2,2475
S02001411,30148,3,4881
S02001412,46896,2,5401
S02001413,37702,3,3560
S02001414,20457,3,5241
S02001415,6999,3,4739
S02001416,181,3,4141
S02001417,19658,4,2405
S02001418,81360,3,3717
S02001419,27398,2,4610
S02001420,44677,3,4007
S02001421,34697,3,4465
S02001422,8144,3,3514
S02001423,154,1,5528
S02001424,212,2,4619
S02001425,96,5,3464
S02001426,13118,3,3422
S02001427,7619,3,3091
S02001428,84,5,2694
S02001429,66,5,2734
S02001430,130,1,3334
S02001431,136,3,3373
S02001432,97,2,2920
S02001433,195,4,2769
S02001434,6182,4,4035
S02001435,6029,4,3330
S02001436,10590,3,4905
S02001437,31408,3,3714
S02001438,48283,4,3736
S02001439,36213,3,3959
S02001440,14645,3,2464
S02001441,123,2,3115
S02001442,3673,2,5535
S02001443,1556,4,2873
S02001444,4150,5,4123
S02001445,344,5,5784
S02001446,133,4,7509
S02001447,78,3,5555
S02001448,102,1,4805
S02001449,115,2,5552
S02001450,68,1,4778
S02001451,78,1,4817
S02001452,54,1,5769
S02001453,126,4,3199
S02001454,204,3,4241
S02001455,99,1,4424
S02001456,137,4,3114
S02001457,68,1,2742
S02001458,146,5,5146
S02001459,94,5,3688
S02001460,162,5,4373
S02001461,631,5,6520
S02001462,176,1,6100
S02001463,439,2,6392
S02001464,182,1,5237
S02001465,198,1,3288
S02001466,106,1,4085
S02001467,121,4,4770
S02001468,206,4,3683
S02001469,123,1,4670
S02001470,121,5,3813
S02001471,161,1,4406
S02001472,80,1,4250
S02001473,122,1,5564
S02001474,205,1,6025
S02001475,1093,5,4521
S02001476,20263,1,3134
S02001477,3691,1,4171
S02001478,14525,3,4922
S02001479,84,1,3050
S02001480,117,3,3891
S02001481,49226,1,4718
S02001482,246,1,2581
S02001483,164,2,4718
S02001484,184,2,3840
S02001485,201,1,3634
S02001486,27567,4,6289
S02001487,125,5,4068
S02001488,64,5,2530
S02001489,115,2,3796
S02001490,145,1,2716
S02001491,128,3,4701
S02001492,5294,2,5510
S02001493,111,1,4385
S02001494,94,2,4307
S02001495,196,1,2787
S02001496,98,3,3151
S02001497,111,1,2805
S02001498,67,2,3605
S02001499,163,5,5796
S02001500,96,1,4513
S02001501,154,1,4819
S02001502,126,2,3741
S02001503,252,5,6125
S02001504,2524,2,4696
S02001505,81,3,2601
S02001506,1766,5,2725
S02001507,413,3,3442
S02001508,138,5,3257
S02001509,1358,5,4148
S02001510,112,5,3324
S02001511,121,5,3756
S02001512,118,5,4429
S02001513,149,5,4189
S02001514,72,5,2806
S02001515,132,5,3628
S02001516,120,5,3231
S02001517,88,5,2898
S02001518,1721,4,2820
S02001519,129,5,5026
S02001520,222,4,6368
S02001521,167,2,5744
S02001522,43,5,2419
S02001523,106,5,4136
S02001524,733,5,5099
S02001525,101,5,3323
S02001526,118,2,3408
S02001527,643,2,4193
S02001528,93,1,4131
S02001529,1164,5,5568
S02001530,758,3,2860
S02001531,81,2,3144
S02001532,856,4,4010
S02001533,5928,4,4668
S02001534,1617,2,7137
S02001535,147,3,4500
S02001536,117,5,2939
S02001537,78,2,4735
S02001538,116,2,4665
S02001539,50,2,2343
S02001540,91,1,5579
S02001541,102,2,4209
S02001542,418,5,5632
S02001543,1342,3,7031
S02001544,698,4,6011
S02001545,2698,3,3048
S02001546,4333,3,5718
S02001547,27545,4,6700
S02001548,138,3,4448
S02001549,142,2,4739
S02001550,4472,5,4551
S02001551,141,5,3162
S02001552,2062,4,4903
S02001553,20848,4,5639
S02001554,612,3,5637
S02001555,155,4,4574
S02001556,4409,5,6338
S02001557,114,4,3576
S02001558,342,1,6158
S02001559,281,2,4163
S02001560,78,2,4106
S02001561,1096,5,8657
S02001562,137,5,6029
S02001563,148,5,3886
S02001564,3454,5,6817
S02001565,5773,5,5064
S02001566,423,5,3605
S02001567,210,4,3665
S02001568,125,5,6187
S02001569,67,5,3256
S02001570,108,5,3725
S02001571,116,5,4685
S02001572,148,5,4874
S02001573,108,5,3420
S02001574,99,4,3742
S02001575,140,4,4107
S02001576,4806,5,5927
S02001577,811,5,6222
S02001578,216,5,3504
S02001579,118,5,4317
S02001580,1972,5,4758
S02001581,302,5,4526
S02001582,38,1,3566
S02001583,72,1,4662
S02001584,76,1,3820
S02001585,42,3,3141
S02001586,129,1,3915
S02001587,109,1,6041
S02001588,90,2,4597
S02001589,91,3,5229
S02001590,65,3,5644
S02001591,43,4,3999
S02001592,54,5,5385
S02001593,194,5,5076
S02001594,99,5,4829
S02001595,136,5,4346
S02001596,76,4,3937
S02001597,39,2,2642
S02001598,146,5,5153
S02001599,168,5,5746
S02001600,674,4,4425
S02001601,99,4,2471
S02001602,111,1,5964
S02001603,69,2,3864
S02001604,85,2,4271
S02001605,46,1,3323
S02001606,83,4,3143
S02001607,414,4,3641
S02001608,85,2,5071
S02001609,228,5,7176
S02001610,109,2,3298
S02001611,70,5,6579
S02001612,104,5,5929
S02001613,37,5,4869
S02001614,31,5,4519
S02001615,126,5,6021
S02001616,127,5,5151
S02001617,38,5,5970
S02001618,23,5,4789
S02001619,54,3,8151
S02001620,63,3,6536
S02001621,91,5,8492
S02001622,125,3,6851
S02001623,281,2,9235
S02001624,46,3,2923
S02001625,64,4,5177
S02001626,208,5,5171
S02001627,488,1,6011
S02001628,74,1,4867
S02001629,85,1,3630
S02001630,247,3,4607
S02001631,118,5,5192
S02001632,94,3,4451
S02001633,147,5,4106
S02001634,55,5,2511
S02001635,43,1,3503
S02001636,119,5,2835
S02001637,41,2,3545
S02001638,52,1,4336
S02001639,46,4,4571
S02001640,327,3,4731
S02001641,47,1,5455
S02001642,42,2,5555
S02001643,47,1,5704
S02001644,54,2,5478
S02001645,31,3,3874
S02001646,15,2,3532
S02001647,61,5,6043
S02001648,30,2,3558
S02001649,41,2,3956
S02001650,62,5,3839
S02001651,95,5,4769
S02001652,178,5,3912
S02001653,53,4,4443
S02001654,38,5,5024
S02001655,30,4,2759
S02001656,51,5,3337
S02001657,26,5,3214
S02001658,62,5,5738
S02001659,72,5,4241
S02001660,148,5,7051
S02001661,143,4,4411
S02001662,150,5,4468
S02001663,126,5,4756
S02001664,214,5,5985
S02001665,82,2,4863
S02001666,62,1,5401
S02001667,83,5,5742
S02001668,35,1,2987
S02001669,93,1,4133
S02001670,219,2,4304
S02001671,77,1,6063
S02001672,297,5,4517
S02001673,112,5,2768
S02001674,161,5,4006
S02001675,135,3,6209
S02001676,69,3,4406
S02001677,121,5,5280
S02001678,109,5,3845
S02001679,224,5,5611
S02001680,46,3,2732
S02001681,82,3,4589
S02001682,351,4,5051
S02001683,2413,3,3603
S02001684,4093,3,8620
S02001685,183,4,5009
S02001686,145,5,3891
S02001687,40271,3,3031
S02001688,44379,3,2878
S02001689,48606,3,1781
S02001690,97607,2,2518
S02001691,48396,3,3699
S02001692,21426,3,3620
S02001693,653,2,3039
S02001694,326,3,2707
S02001695,4283,3,3227
S02001696,1523,3,3191
S02001697,2688,2,5021
S02001698,95,2,4077
S02001699,79,5,3049
S02001700,1382,4,4096
S02001701,134,2,4861
S02001702,1824,2,3782
S02001703,945,3,7117
S02001704,188,5,3943
S02001705,109,2,3140
S02001706,112,3,3413
S02001707,98,5,3232
S02001708,77,5,2627
S02001709,64,2,2726
S02001710,3711,2,5037
S02001711,112,1,3681
S02001712,129,4,4611
S02001713,105,1,3305
S02001714,401,2,4646
S02001715,144,3,3439
S02001716,129,3,3633
S02001717,81,1,2910
S02001718,75,1,2697
S02001719,94,2,2693
S02001720,1741,5,3701
S02001721,66,2,3067
S02001722,1442,4,2474
S02001723,6345,2,4745
S02001724,195,4,4962
S02001725,136,5,4128
S02001726,509,4,5271
S02001727,1485,5,3891
S02001728,126,2,3242
S02001729,95,2,3281
S02001730,219,2,4647
S02001731,71,3,2988
S02001732,143,1,4142
S02001733,98,2,3605
S02001734,1280,3,4208
S02001735,72,3,3086
S02001736,158,2,3021
S02001737,1251,3,5174
S02001738,2192,3,3129
S02001739,1497,1,3976
S02001740,7960,4,3670
S02001741,2222,1,3673
S02001742,923,5,2856
S02001743,1953,5,4267
S02001744,131,5,3715
S02001745,105,2,3659
S02001746,101,3,4611
S02001747,136,2,3130
S02001748,85,4,3306
S02001749,100,5,3000
S02001750,604,3,5261
S02001751,238,4,6154
S02001752,78,1,2892
S02001753,77,1,3841
S02001754,48,3,2820
S02001755,80,5,3977
S02001756,285,5,3498
S02001757,228,5,3609
S02001758,141,4,2506
S02001759,77,3,3008
S02001760,79,3,3048
S02001761,94,2,3413
S02001762,436,4,3897
S02001763,211,4,3111
S02001764,299,3,2807
S02001765,77,5,2566
S02001766,134,5,4340
S02001767,132,5,2542
S02001768,956,5,3512
S02001769,1027,2,3413
S02001770,113,1,3071
S02001771,2236,2,5053
S02001772,77,2,2663
S02001773,95,1,3928
S02001774,1076,1,2790
S02001775,67,1,2932
S02001776,3656,2,6370
S02001777,170,4,4402
S02001778,62,1,3155
S02001779,5529,5,3639
S02001780,834,3,4144
S02001781,76,3,2583
S02001782,108,4,2756
S02001783,1000,1,4533
S02001784,102,2,3324
S02001785,69,3,2907
S02001786,69,2,2853
S02001787,1057,5,2567
S02001788,93,3,2923
S02001789,61,2,3019
S02001790,91,1,4755
S02001791,82,5,3197
S02001792,355,5,5446
S02001793,160,1,3727
S02001794,134,4,3007
S02001795,243,1,4307
S02001796,146,1,3722
S02001797,2154,2,3271
S02001798,2651,3,4168
S02001799,2060,3,4133
S02001800,113,1,4201
S02001801,75,3,2173
S02001802,110,2,4390
S02001803,178,1,3276
S02001804,526,3,3363
S02001805,222,2,4964
S02001806,77,3,2704
S02001807,274,4,3615
S02001808,52,1,2207
S02001809,44,2,2010
S02001810,123,3,2736
S02001811,1734,3,4448
S02001812,1693,3,3298
S02001813,200,1,4577
S02001814,121,1,4451
S02001815,85,1,2454
S02001816,170,1,3456
S02001817,98,1,3004
S02001818,235,2,3708
S02001819,87,2,2603
S02001820,3768,3,2949
S02001821,4567,1,5434
S02001822,6710,3,4156
S02001823,3181,4,2531
S02001824,7603,4,4148
S02001825,5522,3,2930
S02001826,3437,4,4097
S02001827,82,2,3169
S02001828,189,5,3846
S02001829,8964,4,2895
S02001830,6307,3,2170
S02001831,858,3,2657
S02001832,1881,4,4304
S02001833,6060,3,2487
S02001834,94,3,4072
S02001835,103,5,6345
S02001836,1910,5,4360
S02001837,3340,5,5578
S02001838,1968,5,4195
S02001839,12122,4,3667
S02001840,132,3,3750
S02001841,143,5,4200
S02001842,101,1,5197
S02001843,358,1,3677
S02001844,124,3,5414
S02001845,197,1,6491
S02001846,84,1,3631
S02001847,74,1,3092
S02001848,216,5,6359
S02001849,198,1,5930
S02001850,68,2,3209
S02001851,57,1,4283
S02001852,120,2,5063
S02001853,89,1,5254
S02001854,56,3,3353
S02001855,328,1,6150
S02001856,162,1,6141
S02001857,100,1,3526
S02001858,213,2,5093
S02001859,92,1,3634
S02001860,81,1,3357
S02001861,57,2,4422
S02001862,149,2,3729
S02001863,103,1,4633
S02001864,54,3,5215
S02001865,31,1,5751
S02001866,54,1,4593
S02001867,114,4,5116
S02001868,57,3,5805
S02001869,361,4,5805
S02001870,32,4,3974
S02001871,19,3,3546
S02001872,46,5,4584
S02001873,384,1,4482
S02001874,70,1,4184
S02001875,68,2,3114
S02001876,120,5,5210
S02001877,82,3,3491
S02001878,86,5,4587
S02001879,71,5,2864
S02001880,583,1,3731
S02001881,97,1,5007
S02001882,116,1,4297
S02001883,75,1,4965
S02001884,101,3,3961
S02001885,67,4,4046
S02001886,80,2,5514
S02001887,57,3,4443
S02001888,198,1,6845
S02001889,83,1,6212
S02001890,218,1,6281
S02001891,104,1,4767
S02001892,38,1,4254
S02001893,119,1,3897
S02001894,220,1,7485
S02001895,88,1,3642
S02001896,203,1,6677
S02001897,244,3,3824
S02001898,135,2,2614
S02001899,128,4,3515
S02001900,76,1,3558
S02001901,609,3,7383
S02001902,107,4,4077
S02001903,136,4,4129
S02001904,409,1,3284
S02001905,87,1,2348
S02001906,583,2,4724
S02001907,93,1,3627
S02001908,229,1,4971
S02001909,129,1,5103
S02001910,79,1,4770
S02001911,42,1,4089
S02001912,114,1,5041
S02001913,73,1,3498
S02001914,134,1,6563
S02001915,137,1,5685
S02001916,221,1,5676
S02001917,129,1,4541
S02001918,427,4,6505
S02001919,117,1,3437
S02001920,71,1,3032
S02001921,71,1,3623
S02001922,167,1,4462
S02001923,81,1,4875
S02001924,212,1,4149
S02001925,100,2,931
S02001926,171,1,6099
S02001927,55,3,4809
S02001928,72,2,2714
S02001929,103,1,4676
S02001930,28,4,4435
S02001931,62,1,6581
S02001932,166,3,10546
S02001933,74,3,5912
S02001934,116,4,3982
S02001935,60,2,5544
S02001936,123,5,10651
S02001937,54,4,7417
S02001938,70,1,3500
S02001939,58,1,6336
S02001940,92,1,4891
S02001941,116,3,7376
S02001942,186,1,6303
S02001943,132,1,4229
S02001944,64,1,3186
S02001945,766,1,4462
S02001946,158,1,3422
S02001947,76,1,3435
S02001948,54,1,3058
S02001949,48,1,4340
S02001950,115,5,6113
S02001951,49,5,4149
S02001952,67,4,6386
S02001953,97,4,8853
S02001954,50,3,5352
S02001955,35,2,3982
S02001956,54,5,5786
S02001957,46,5,4530
S02001958,182,5,5732
S02001959,62,5,4669
S02001960,71,5,2671
S02001961,52,1,3741
S02001962,66,5,4617
S02001963,99,1,3609
S02001964,98,1,4805
S02001965,51,2,2949
S02001966,45,1,2488
S02001967,62,1,3945
S02001968,94,1,3371
S02001969,55,1,3890
S02001970,150,4,4273
S02001971,130,3,6672
S02001972,98,1,5437
S02001973,90,3,2987
S02001974,83,1,2495
S02001975,89,1,3247
S02001976,128,1,3445
S02001977,89,1,3525
S02001978,229718,3,4753
S02001979,539,3,4656
S02001980,9044,3,5565
S02001981,227215,4,4709
S02001982,133438,4,3827
S02001983,38882,4,5261
S02001984,51474,4,4860
S02001985,42214,4,5051
S02001986,163,3,3974
S02001987,244,5,4431
S02001988,72761,4,5730
S02001989,306,5,3931
S02001990,108,3,2999
S02001991,726,4,6284
S02001992,719,5,5800
S02001993,6274,5,3694
S02001994,522,5,5607
S02001995,130,3,3410
S02001996,77,2,3759
S02001997,71,5,2259
S02001998,567,4,3907
S02001999,164,4,4395
S02002000,193,2,4357
S02002001,108,1,3694
S02002002,90,1,3354
S02002003,113,3,2906
S02002004,1356,3,4122
S02002005,91558,4,6861
S02002006,113878,4,4629
S02002007,92147,3,2619
S02002008,78864,3,3598
S02002009,32233,2,3502
S02002010,64033,3,3399
S02002011,136081,3,3023
S02002012,122475,3,3258
S02002013,135072,3,3756
S02002014,48796,4,3224
S02002015,3818,4,3572
S02002016,2853,4,3886
S02002017,371,3,5256
S02002018,12257,4,6958
S02002019,13381,4,3577
S02002020,810,1,5922
S02002021,1291,2,4373
S02002022,15017,3,4364
S02002023,2112,2,3699
S02002024,219368,3,6184
S02002025,63800,3,4084
S02002026,59759,2,2953
S02002027,167,1,3420
S02002028,217,4,3169
S02002029,40217,3,3509
S02002030,79565,3,5004
S02002031,98,3,2561
S02002032,241,4,4575
S02002033,320695,3,3200
S02002034,130,5,2519
S02002035,11296,3,3165
S02002036,1479,4,5997
S02002037,1237,5,2988
S02002038,98,4,4158
S02002039,155,2,3838
S02002040,164,1,6216
S02002041,108,1,4520
S02002042,235,5,4889
S02002043,134,4,5331
S02002044,112,3,3971
S02002045,71,1,3719
S02002046,161,1,4810
S02002047,203,1,6512
S02002048,165,1,5381
S02002049,211,1,4399
S02002050,87,1,4647
S02002051,16058,4,3741
S02002052,104,2,3711
S02002053,80,5,3673
S02002054,60,2,2751
S02002055,88,3,3391
S02002056,3362,4,3557
S02002057,669,2,3301
S02002058,464,3,2461
S02002059,124,3,3842
S02002060,106,2,4737
S02002061,169,2,5616
S02002062,986,5,8878
S02002063,459,5,4905
S02002064,1553,3,4848
S02002065,653,2,4540
S02002066,53,1,2930
S02002067,9890,3,7797
S02002068,79,2,3052
S02002069,87,1,4519
S02002070,138,2,4123
S02002071,104,2,3208
S02002072,85,2,3569
S02002073,79561,4,4154
S02002074,20204,4,3614
S02002075,29481,4,3124
S02002076,230,4,4488
S02002077,9441,3,5584
S02002078,651,2,3366
S02002079,238,4,4945
S02002080,4461,4,3532
S02002081,8414,4,2471
S02002082,14342,4,5340
S02002083,6048,4,3432
S02002084,226,3,4159
S02002085,108,4,3982
S02002086,133,5,4058
S02002087,220,5,3067
S02002088,111,3,3242
S02002089,95,5,3119
S02002090,100,4,3365
S02002091,113,5,4192
S02002092,5635,4,5507
S02002093,8821,4,3768
S02002094,1166,5,3659
S02002095,210,3,5235
S02002096,33753,3,4307
S02002097,43133,3,4509
S02002098,4841,1,2851
S02002099,439,2,3049
S02002100,105,2,3437
S02002101,76,2,2691
S02002102,50,1,2231
S02002103,175,2,4170
S02002104,174,4,4852
S02002105,161,1,3508
S02002106,50,1,3202
S02002107,65,2,3085
S02002108,123,1,3252
S02002109,245,1,2763
S02002110,1473,1,3090
S02002111,105,1,3682
S02002112,128,1,3060
S02002113,104,3,3093
S02002114,80,1,4252
S02002115,118,3,3532
S02002116,93,1,5004
S02002117,104,1,2774
S02002118,90,1,3964
S02002119,116,4,4922
S02002120,87,1,2931
S02002121,177,1,4201
S02002122,119,1,3741
S02002123,3866,1,2874
S02002124,97,1,2898
S02002125,8055,2,2874
S02002126,182,4,4646
S02002127,126,4,3571
S02002128,1492,2,4764
S02002129,160,5,3899
S02002130,17122,3,2921
S02002131,124,3,3146
S02002132,169,1,3908
S02002133,217,1,3002
S02002134,4491,3,3901
S02002135,1025,1,3493
S02002136,96,2,3422
S02002137,70,1,4159
S02002138,194,5,6845
S02002139,150,1,4748
S02002140,108,1,3899
S02002141,108,1,4866
S02002142,170,2,6089
S02002143,86,2,3743
S02002144,53,4,2748
S02002145,204,2,5516
S02002146,4846,2,3826
S02002147,120,3,4314
S02002148,105,1,2896
S02002149,7742,2,5862
S02002150,1191,3,5224
S02002151,186,2,2994
S02002152,100,1,3992
S02002153,121,3,3595
S02002154,109,1,5393
S02002155,170,1,3710
S02002156,153,5,4424
S02002157,91,1,4080
S02002158,67,1,3010
S02002159,626,1,4791
S02002160,517,2,5257
S02002161,208,2,4855
S02002162,104,1,4983
S02002163,108,1,4583
S02002164,233,3,2426
S02002165,127,1,3410
S02002166,428,5,5018
S02002167,377,1,5751
S02002168,513,4,4634
S02002169,152,1,6196
S02002170,136,1,5865
S02002171,116,1,6255
S02002172,58,5,2429
S02002173,90,1,4046
S02002174,111,1,4672
S02002175,148,2,3888
S02002176,128,2,2856
S02002177,141,1,3280
S02002178,177,4,6214
S02002179,235,1,2374
S02002180,55,1,2524
S02002181,114,5,4151
S02002182,87,4,3401
S02002183,121,1,3817
S02002184,74,1,2993
S02002185,162,4,4627
S02002186,157,3,5567
S02002187,115,1,5130
S02002188,136,1,5108
S02002189,118,3,4327
S02002190,4407,1,5988
S02002191,4309,2,5984
S02002192,2916,3,7590
S02002193,159,2,4970
S02002194,1279,4,3257
S02002195,144,2,4105
S02002196,124,1,3458
S02002197,286,4,3488
S02002198,401,4,6341
S02002199,123,3,4549
S02002200,1898,2,3742
S02002201,69,2,3311
S02002202,125,1,4580
S02002203,105,2,3940
S02002204,90,2,3715
S02002205,81,2,4124
S02002206,420,2,3667
S02002207,243,5,4876
S02002208,103,5,3424
S02002209,101,5,2595
S02002210,4206,2,8364
S02002211,86,1,3207
S02002212,2179,2,3589
S02002213,9661,4,3225
S02002214,26399,4,4285
S02002215,13599,4,4619
S02002216,158,3,3670
S02002217,102,4,2356
S02002218,49061,3,4245
S02002219,11513,4,4535
S02002220,192,3,4983
S02002221,13876,4,3908
S02002222,24104,4,4467
S02002223,184,4,4140
S02002224,43641,4,3764
S02002225,172,5,3057
S02002226,166,3,4078
S02002227,15860,4,4878
S02002228,17089,4,4962
S02002229,7571,4,5178
S02002230,187,2,3942
S02002231,188,5,5659
S02002232,182,5,4176
S02002233,167,5,4150
S02002234,101,1,5382
S02002235,271,2,5843
S02002236,943,2,3172
S02002237,90,4,3699
S02002238,85,2,2242
S02002239,91,1,4468
S02002240,491,3,3597
S02002241,1052,5,5083
S02002242,12023,4,4016
S02002243,5041,4,4249
S02002244,5345,4,3734
S02002245,11740,4,5156
S02002246,7873,3,3015
S02002247,106059,3,4335
S02002248,179,1,2933
S02002249,285,5,5676
S02002250,9649,4,4693
S02002251,27529,4,6247
S02002252,10203,4,3811
S02002253,194416,4,4682
S02002254,82,3,2661
S02002255,9329,4,4151
S02002256,10487,5,7897
S02002257,95,3,3110
S02002258,153,2,5667
S02002259,96,1,3431
S02002260,197,1,3436
S02002261,92,2,3645
S02002262,277,4,5172
S02002263,159,1,4065
S02002264,90,1,3569
S02002265,118,1,5371
S02002266,124,1,4717
S02002267,157,5,4507
S02002268,78,2,4047
S02002269,83,2,3251
S02002270,142,5,3621
S02002271,137,1,5875
S02002272,95,3,4001
S02002273,166,1,4172
S02002274,149,1,7011
S02002275,208,1,5956
S02002276,126,5,4680
S02002277,124,1,5465
S02002278,565,1,5574
S02002279,204,1,6818
S02002280,112,2,4905
S02002281,127,2,5403
S02002282,602,2,7468
S02002283,154,5,5476
S02002284,166,3,4836
S02002285,136,2,5443
S02002286,136,5,4321
S02002287,111,1,3984
S02002288,114,3,4472
S02002289,92,5,3079
S02002290,116,4,3281
S02002291,793,5,4852
S02002292,70484,4,6194
S02002293,174,3,4260
S02002294,188,5,4259
S02002295,22869,3,5750
S02002296,34415,4,5988
S02002297,147,3,3770
S02002298,71,2,2989
S02002299,889,4,3355
S02002300,85,1,2454
S02002301,572,3,5398
S02002302,24772,4,3165
S02002303,46093,4,4111
S02002304,183,3,2766
S02002305,20083,3,3854
S02002306,122,2,3480
S02002307,17660,4,3919
S02002308,7136,3,2801
S02002309,34151,3,4572
S02002310,83,4,3218
S02002311,111,3,2369
S02002312,34032,4,3095
S02002313,7033,4,3791
S02002314,154,3,3774
S02002315,84792,3,4058
S02002316,121,1,2985
S02002317,132,2,4150
S02002318,204,4,3267
S02002319,112,3,3251
S02002320,66068,4,2762
S02002321,240,3,5435
S02002322,13991,4,3400
S02002323,1962,4,3348
S02002324,3426,3,4568
S02002325,11410,4,3465
S02002326,39906,4,2888
S02002327,35637,3,2534
S02002328,40333,3,2667
S02002329,75552,2,5301
S02002330,58,1,3178
S02002331,133,2,3141
S02002332,961,2,4679
S02002333,23211,3,4620
S02002334,4935,3,3772
S02002335,650,5,5890
S02002336,105,2,4167
S02002337,197,5,5308
S02002338,158,3,4928
S02002339,192,1,5360
S02002340,135,1,4612
S02002341,118,1,2528
S02002342,80,1,2912
S02002343,95,1,4185
S02002344,120,2,4157
S02002345,177,2,4424
S02002346,169,4,4000
S02002347,136,4,5216
S02002348,2604,3,3144
S02002349,6731,2,5817
S02002350,4765,3,6488
S02002351,194,5,5103
S02002352,127,1,3889
S02002353,595,5,5321
S02002354,62006,2,2442
S02002355,21813,4,5847
S02002356,7549,2,4845
S02002357,9919,1,3575
S02002358,2256,4,3634
S02002359,76,4,2801
S02002360,80,2,2447
S02002361,110,1,4006
S02002362,90,3,3400
S02002363,4547,3,2853
S02002364,91,5,2597
S02002365,46,2,2182
S02002366,886,2,3825
S02002367,8404,3,3929
S02002368,5736,2,4298
S02002369,126,2,3726
S02002370,114,1,4284
S02002371,2707,2,3118
S02002372,91,2,3230
S02002373,397,2,3834
S02002374,130,1,3989
S02002375,134,1,3526
S02002376,1896,3,5711
S02002377,419,5,4542
S02002378,103,5,2930
S02002379,27110,4,3781
S02002380,4957,3,4487
S02002381,73,5,3536
S02002382,73,1,2734
S02002383,70,5,2754
S02002384,211,2,4167
S02002385,80,2,3613
S02002386,54,1,2062
S02002387,52,2,2705
S02002388,1049,4,7004
S02002389,83,5,4004
S02002390,75,1,4062
S02002391,219,1,3747
S02002392,91,1,4289
S02002393,79,4,3235
S02002394,94,2,2896
S02002395,195,1,4837
S02002396,100,1,4505
S02002397,106,2,3709
S02002398,229,1,3973
S02002399,414,5,3421
S02002400,74,2,3103
S02002401,291,4,6658
S02002402,731,4,8215
S02002403,238,1,6260
S02002404,101,1,4073
S02002405,112,4,4455
S02002406,115,5,3717
S02002407,124,2,5613
S02002408,289,1,3546
S02002409,154,1,3480
S02002410,61,1,3363
S02002411,56,3,2956
S02002412,64,1,2798
S02002413,100,5,3754
S02002414,106,1,4313
S02002415,97,1,4520
S02002416,6368,4,7993
S02002417,71,2,3484
S02002418,89,2,3712
S02002419,115,3,4107
S02002420,124,3,4799
S02002421,133,4,4373
S02002422,83,3,3037
S02002423,98,3,2951
S02002424,81,4,2606
S02002425,388,5,3939
S02002426,784,5,4246
S02002427,115,2,3724
S02002428,108,5,2649
S02002429,110,2,5304
S02002430,122,2,3992
S02002431,68,2,3031
S02002432,84,2,4066
S02002433,70,3,3465
S02002434,77,2,3554
S02002435,250,2,3872
S02002436,13222,4,5577
S02002437,9856,4,4427
S02002438,17551,4,3192
S02002439,6310,4,3848
S02002440,7578,2,3153
S02002441,117,2,2722
S02002442,69,1,2846
S02002443,91,2,3362
S02002444,86,2,3392
S02002445,155,2,5370
S02002446,211,2,4113
S02002447,161,5,4238
S02002448,366,2,2510
S02002449,52,2,3689
S02002450,137,1,3648
S02002451,119,4,3191
S02002452,83,5,2841
S02002453,1277,5,7054
S02002454,2004,5,2874
S02002455,6868,5,5534
S02002456,129,5,4460
S02002457,26096,4,5237
S02002458,22261,3,3661
S02002459,103891,4,3141
S02002460,108,1,3767
S02002461,290,1,4616
S02002462,130,1,5461
S02002463,94,2,4481
S02002464,141,3,3461
S02002465,225,1,5118
S02002466,2280,4,4368
S02002467,163,1,5412
S02002468,215,3,4784
S02002469,4345,3,4243
S02002470,102,2,4821
S02002471,349,4,7013
S02002472,235,1,5545
S02002473,1696,1,4977
S02002474,1698,1,6001
S02002475,133,2,3994
S02002476,226,2,5877
S02002477,3450,1,4401
S02002478,135,2,4826
S02002479,7417,3,4951
S02002480,185,3,5337
S02002481,1008,5,4936
S02002482,267,5,5177
S02002483,192,2,5557
S02002484,7581,4,5774
S02002485,717,3,6724
S02002486,1233,3,2914
S02002487,172,1,5898
S02002488,189,2,4723
S02002489,159,4,5389
S02002490,118,2,4909
S02002491,140,5,5515
S02002492,417,5,3688
S02002493,71,1,2877
S02002494,1215,3,5794
S02002495,221,2,2194
S02002496,435,1,5029
S02002497,1349,3,5974
S02002498,144,1,4825
S02002499,2335,2,5018
S02002500,483,2,5639
S02002501,148,2,6344
S02002502,1011,4,7292
S02002503,99,2,4212
S02002504,199,2,6281
S02002505,581,4,5956
S02002506,3271,3,3738
S02002507,4290,5,5869
S02002508,145,5,4246
S02002509,497,5,3382
S02002510,3434,2,5814
S02002511,498,2,4539
S02002512,1755,4,5515
S02002513,78,5,3855
S02002514,561,2,3109
